{
  "best_metric": null,
  "best_model_checkpoint": null,
  "epoch": 0.5330490405117271,
  "global_step": 500,
  "is_hyper_param_search": false,
  "is_local_process_zero": true,
  "is_world_process_zero": true,
  "log_history": [
    {
      "epoch": 0.21,
      "eval_accuracy": 0.23640201565595367,
      "eval_f1": 0.0002143579644031805,
      "eval_loss": 2.395477294921875,
      "eval_precision": 0.0022038567493112946,
      "eval_recall": 0.00011265780894643825,
      "eval_runtime": 25.8784,
      "eval_samples_per_second": 280.543,
      "eval_steps_per_second": 35.087,
      "step": 200
    },
    {
      "epoch": 0.43,
      "eval_accuracy": 0.23640201565595367,
      "eval_f1": 0.0002143579644031805,
      "eval_loss": 2.3874118328094482,
      "eval_precision": 0.0022038567493112946,
      "eval_recall": 0.00011265780894643825,
      "eval_runtime": 25.9222,
      "eval_samples_per_second": 280.069,
      "eval_steps_per_second": 35.028,
      "step": 400
    },
    {
      "epoch": 0.53,
      "learning_rate": 9.644633972992182e-05,
      "loss": 2.3847,
      "step": 500
    }
  ],
  "max_steps": 14070,
  "num_train_epochs": 15,
  "total_flos": 1045338218496000.0,
  "trial_name": null,
  "trial_params": null
}
