{
  "best_metric": null,
  "best_model_checkpoint": null,
  "epoch": 0.8460236886632826,
  "global_step": 1000,
  "is_hyper_param_search": false,
  "is_local_process_zero": true,
  "is_world_process_zero": true,
  "log_history": [
    {
      "epoch": 0.42,
      "learning_rate": 8.58996051889453e-05,
      "loss": 0.0881,
      "step": 500
    },
    {
      "epoch": 0.42,
      "eval_accuracy": 0.99,
      "eval_loss": 0.06365963071584702,
      "eval_runtime": 11.5825,
      "eval_samples_per_second": 362.615,
      "eval_steps_per_second": 45.327,
      "step": 500
    },
    {
      "epoch": 0.85,
      "learning_rate": 7.179921037789059e-05,
      "loss": 0.0596,
      "step": 1000
    },
    {
      "epoch": 0.85,
      "eval_accuracy": 0.9876190476190476,
      "eval_loss": 0.06663377583026886,
      "eval_runtime": 11.5765,
      "eval_samples_per_second": 362.803,
      "eval_steps_per_second": 45.35,
      "step": 1000
    }
  ],
  "max_steps": 3546,
  "num_train_epochs": 3,
  "total_flos": 2104982937600000.0,
  "trial_name": null,
  "trial_params": null
}
