{
  "best_metric": null,
  "best_model_checkpoint": null,
  "epoch": 1.2690355329949239,
  "global_step": 1500,
  "is_hyper_param_search": false,
  "is_local_process_zero": true,
  "is_world_process_zero": true,
  "log_history": [
    {
      "epoch": 0.42,
      "learning_rate": 9.15397631133672e-06,
      "loss": 11.1513,
      "step": 500
    },
    {
      "epoch": 0.85,
      "learning_rate": 8.307952622673435e-06,
      "loss": 21.7629,
      "step": 1000
    },
    {
      "epoch": 1.0,
      "eval_accuracy": 0.0019047619047619048,
      "eval_loss": 28.255128860473633,
      "eval_runtime": 11.2806,
      "eval_samples_per_second": 372.32,
      "eval_steps_per_second": 46.54,
      "step": 1182
    },
    {
      "epoch": 1.27,
      "learning_rate": 7.461928934010153e-06,
      "loss": 28.95,
      "step": 1500
    }
  ],
  "max_steps": 5910,
  "num_train_epochs": 5,
  "total_flos": 3155895669196800.0,
  "trial_name": null,
  "trial_params": null
}
